{
  "Get 1 User" : {
    "transaction" : "Get 1 User",
    "sampleCount" : 40,
    "errorCount" : 7,
    "errorPct" : 17.5,
    "meanResTime" : 808.675,
    "medianResTime" : 429.0,
    "minResTime" : 122.0,
    "maxResTime" : 3602.0,
    "pct1ResTime" : 2590.5,
    "pct2ResTime" : 3223.85,
    "pct3ResTime" : 3602.0,
    "throughput" : 8.727907484180667,
    "receivedKBytesPerSec" : 9.799292221252454,
    "sentKBytesPerSec" : 2.190500218197687
  },
  "Get All Users" : {
    "transaction" : "Get All Users",
    "sampleCount" : 40,
    "errorCount" : 12,
    "errorPct" : 30.0,
    "meanResTime" : 1035.775,
    "medianResTime" : 1076.0,
    "minResTime" : 164.0,
    "maxResTime" : 2374.0,
    "pct1ResTime" : 2022.1999999999998,
    "pct2ResTime" : 2306.999999999999,
    "pct3ResTime" : 2374.0,
    "throughput" : 6.570302233902759,
    "receivedKBytesPerSec" : 15.759902934050592,
    "sentKBytesPerSec" : 1.5976613830486202
  },
  "Total" : {
    "transaction" : "Total",
    "sampleCount" : 80,
    "errorCount" : 19,
    "errorPct" : 23.75,
    "meanResTime" : 922.225,
    "medianResTime" : 556.0,
    "minResTime" : 122.0,
    "maxResTime" : 3602.0,
    "pct1ResTime" : 2110.9000000000005,
    "pct2ResTime" : 2591.25,
    "pct3ResTime" : 3602.0,
    "throughput" : 12.882447665056361,
    "receivedKBytesPerSec" : 22.682197312801932,
    "sentKBytesPerSec" : 3.1828703703703702
  }
}